,seq_num,time,huber_mu,huber_mu_user_setpoint,lambda2M_stats1_total,lambda2M_stats2_total,lambda2M_stats3_total,ts_huber_mu,ts_huber_mu_user_setpoint,ts_lambda2M_stats1_total,ts_lambda2M_stats2_total,ts_lambda2M_stats3_total
0,3,1782766050.4141738,4.414400210860009,4.414477767560214,14.0,590491.0,6.0,1782766050.369929,1782766049.37832,1782766049.78343,1782766049.78496,1782766049.78332
1,25,1782766075.0355527,6.670991757384002,6.670888023970463,2095.0,707120.0,14198.0,1782766074.994602,1782766073.990694,1782766074.416474,1782766074.418048,1782766074.416445
2,27,1782766077.2798114,6.876189386559986,6.876016229098667,1850.0,762074.0,23631.0,1782766077.245291,1782766076.239286,1782766076.592758,1782766076.594772,1782766076.591889
3,29,1782766079.5183218,7.081083590955984,7.0811444342268715,1837.0,829311.0,36186.0,1782766079.434699,1782766078.462344,1782766078.879639,1782766078.88136,1782766078.879566
4,40,1782766091.574018,8.20931851162399,8.20934956243201,1246.0,636406.0,4759.0,1782766091.567205,1782766090.588009,1782766090.98543,1782766090.98777,1782766090.984975
5,6,1782766053.7554693,4.722236887744003,4.722170075252535,12.0,587834.0,8.0,1782766053.715872,1782766052.724422,1782766053.090756,1782766053.093307,1782766053.090412
6,8,1782766055.9589467,4.927465027035993,4.9272982803807395,17.0,588061.0,13.0,1782766055.934547,1782766054.927555,1782766055.339218,1782766055.34171,1782766055.338491
7,10,1782766058.1933115,5.132287482367985,5.132426485508944,97.0,595535.0,57.0,1782766058.14621,1782766057.153323,1782766057.557691,1782766057.560079,1782766057.556655
8,12,1782766060.4044495,5.337333902067996,5.337554690637148,666.0,602751.0,640.0,1782766060.32645,1782766059.355499,1782766059.768563,1782766059.770586,1782766059.767073
9,14,1782766062.61527,5.542555671115991,5.542682895765353,1426.0,616261.0,2332.0,1782766062.575971,1782766061.580586,1782766061.980702,1782766061.983142,1782766061.979937
10,23,1782766072.7836177,6.465601009231989,6.465759818842258,2098.0,681431.0,9306.0,1782766072.744006,1782766071.75341,1782766072.139851,1782766072.141961,1782766072.139585
11,36,1782766087.277981,7.799275628347999,7.799093152175601,1469.0,696227.0,14061.0,1782766087.243398,1782766086.242121,1782766086.612693,1782766086.614273,1782766086.612606
12,38,1782766089.4280667,8.004242922911999,8.004221357303805,1466.0,661389.0,7790.0,1782766089.383003,1782766088.399364,1782766088.839298,1782766088.840359,1782766088.839221
13,5,1782766052.6394248,4.619575711820005,4.619605972688419,15.0,594821.0,6.0,1782766052.587399,1782766051.580509,1782766051.99374,1782766051.996154,1782766051.993196
14,16,1782766064.8068068,5.747984640732,5.747811100893557,1700.0,627785.0,3588.0,1782766064.716977,1782766063.743076,1782766064.172939,1782766064.175468,1782766064.172097
15,18,1782766067.0241568,5.953118232191997,5.9529393060217615,1798.0,638216.0,4742.0,1782766066.940469,1782766065.968531,1782766066.378164,1782766066.380137,1782766066.377505
16,20,1782766069.2566843,6.1580563577439875,6.158067511149966,2034.0,652037.0,6519.0,1782766069.17524,1782766068.208687,1782766068.599689,1782766068.602067,1782766068.598982
17,31,1782766081.6791067,7.286133363415985,7.286272639355076,1781.0,841314.0,37733.0,1782766081.63794,1782766080.645245,1782766081.077032,1782766081.078129,1782766081.076979
18,33,1782766083.8447156,7.4912491852479945,7.49140084448328,1602.0,799787.0,30797.0,1782766083.784574,1782766082.801428,1782766083.231953,1782766083.234423,1782766083.23157
19,35,1782766086.1336782,7.696606070523984,7.696529049611485,1440.0,734244.0,19149.0,1782766086.107704,1782766085.100828,1782766085.43502,1782766085.437375,1782766085.434922
20,37,1782766088.34558,7.901763466580007,7.901657254739689,1439.0,672336.0,10337.0,1782766088.315876,1782766087.329255,1782766087.756246,1782766087.757831,1782766087.756293
21,39,1782766090.524122,8.106691533852,8.106785459867893,1325.0,643618.0,5969.0,1782766090.449573,1782766089.482201,1782766089.903652,1782766089.905594,1782766089.903704
22,1,1782766047.814779,4.209523440815985,4.20934956243201,471.0,133768.0,1429.0,1782766047.660382,1782766041.991902,1782766001.404486,1782766001.406298,1782766001.404426
23,4,1782766051.5241725,4.516987961339993,4.517041870124331,22.0,588297.0,13.0,1782766051.451062,1782766050.476812,1782766050.896368,1782766050.89792,1782766050.896304
24,15,1782766063.6950042,5.6453197767719985,5.645246998329441,1638.0,618941.0,3045.0,1782766063.668484,1782766062.664822,1782766063.099567,1782766063.101566,1782766063.099278
25,17,1782766065.9133174,5.850578426179993,5.850375203457645,1731.0,629886.0,3934.0,1782766065.831706,1782766064.86253,1782766065.260582,1782766065.26291,1782766065.260245
26,19,1782766068.1436956,6.055445473220004,6.0555034085858495,1876.0,644178.0,5715.0,1782766068.085106,1782766067.079249,1782766067.481798,1782766067.483205,1782766067.481746
27,21,1782766070.3569455,6.260551572048001,6.260631613714054,2236.0,659006.0,6660.0,1782766070.319448,1782766069.329526,1782766069.71764,1782766069.719859,1782766069.716944
28,34,1782766084.9721453,7.593905332031994,7.593964947047397,1610.0,769750.0,25332.0,1782766084.914631,1782766083.930102,1782766084.307531,1782766084.309438,1782766084.307426
29,2,1782766049.3183026,4.311688072983998,4.311913664996126,17.0,590532.0,5.0,1782766049.281518,1782766047.947213,1782766048.2022,1782766048.203885,1782766048.20211
30,7,1782766054.8718154,4.824881970419995,4.824734177816623,13.0,590166.0,6.0,1782766054.800325,1782766053.828926,1782766054.232158,1782766054.233834,1782766054.232038
31,9,1782766057.0764947,5.029697720232008,5.0298623829448275,36.0,586597.0,19.0,1782766057.01321,1782766056.039806,1782766056.436853,1782766056.439138,1782766056.436431
32,11,1782766059.2951682,5.234884620575997,5.234990588073032,256.0,599861.0,270.0,1782766059.225537,1782766058.254502,1782766058.662872,1782766058.664107,1782766058.662833
33,13,1782766061.5056608,5.439946798248002,5.440118793201236,994.0,606251.0,1280.0,1782766061.4572,1782766060.466831,1782766060.868815,1782766060.871033,1782766060.868214
34,22,1782766071.6960747,6.362986771947988,6.36319571627817,2138.0,664281.0,7308.0,1782766071.602394,1782766070.632865,1782766070.843359,1782766070.845093,1782766070.843245
35,24,1782766073.9405992,6.568263526259983,6.568323921406375,2101.0,698959.0,11627.0,1782766073.8747,1782766072.900354,1782766073.263945,1782766073.266313,1782766073.26343
36,26,1782766076.126397,6.7735989538720105,6.773452126534579,2112.0,732558.0,17960.0,1782766076.049236,1782766075.081202,1782766075.50322,1782766075.505612,1782766075.502552
37,28,1782766078.4088216,6.978623245356005,6.9785803316627835,1889.0,803537.0,30982.0,1782766078.336221,1782766077.357929,1782766077.758747,1782766077.761351,1782766077.757951
38,30,1782766080.5865867,7.18367603530001,7.183708536790988,1838.0,844695.0,38747.0,1782766080.547054,1782766079.571073,1782766079.97303,1782766079.975364,1782766079.972148
39,32,1782766082.7542307,7.388681216051992,7.388836741919192,1655.0,821175.0,35090.0,1782766082.728127,1782766081.72422,1782766082.158316,1782766082.161102,1782766082.157785
