,seq_num,time,huber_eta,huber_eta_user_setpoint,lambda2M_stats1_total,lambda2M_stats2_total,lambda2M_stats3_total,ts_huber_eta,ts_huber_eta_user_setpoint,ts_lambda2M_stats1_total,ts_lambda2M_stats2_total,ts_lambda2M_stats3_total
0,2,1782777182.2116747,-0.9486145455999999,-0.9485019663179486,15.0,1220919.0,13898.0,1782777182.198496,1782777180.71409,1782777181.162909,1782777181.163003,1782777181.162799
1,6,1782777186.4559236,-0.7436737684000001,-0.7433737611897435,21.0,1219551.0,16841.0,1782777186.426536,1782777185.439966,1782777186.401374,1782777186.403502,1782777186.401174
2,8,1782777188.6246097,-0.6410719814000001,-0.6408096586256409,27.0,1224177.0,18662.0,1782777188.595613,1782777187.620679,1782777188.573664,1782777188.574494,1782777188.573612
3,10,1782777190.6982758,-0.5383780981999999,-0.5382455560615385,25.0,1221834.0,21021.0,1782777190.670927,1782777189.705754,1782777190.665834,1782777190.667145,1782777190.665686
4,12,1782777192.7906053,-0.4358563401999999,-0.43568145349743576,26.0,1239196.0,24822.0,1782777192.753655,1782777191.789874,1782777192.751941,1782777192.752923,1782777192.751785
5,14,1782777194.88929,-0.33321256939999994,-0.33311735093333333,39.0,1235053.0,30463.0,1782777194.852283,1782777193.8813965,1782777194.83505,1782777194.83604,1782777194.83497
6,16,1782777196.968044,-0.23062150879999993,-0.2305532483692307,35.0,1236552.0,39701.0,1782777196.948982,1782777195.981066,1782777196.94837,1782777196.950543,1782777196.948226
7,18,1782777199.0105903,-0.12811324259999995,-0.12798914580512805,33.0,1252562.0,53669.0,1782777199.000119,1782777198.038743,1782777199.006542,1782777199.008586,1782777199.00616
8,20,1782777201.0496027,-0.025539528599999972,-0.02542504324102557,48.0,1266058.0,74168.0,1782777201.031213,1782777200.073336,1782777200.024821,1782777200.026162,1782777201.035993
9,22,1782777203.0742881,0.0769404132,0.07713905932307696,66.0,1289885.0,86625.0,1782777203.068953,1782777202.117058,1782777202.055282,1782777202.056401,1782777202.055202
10,24,1782777205.1200385,0.17960563680000002,0.1797031618871796,83.0,1324310.0,141029.0,1782777205.102548,1782777204.143013,1782777205.110254,1782777204.091809,1782777205.10985
11,26,1782777207.166972,0.28215739520000005,0.28226726445128203,107.0,1393836.0,190915.0,1782777207.161515,1782777206.20921,1782777207.158572,1782777207.159745,1782777207.158556
12,28,1782777209.3136556,0.3847384836,0.3848313670153847,166.0,1459008.0,254007.0,1782777209.282381,1782777208.319055,1782777209.218723,1782777209.219673,1782777209.218589
13,30,1782777211.4112663,0.4873333152,0.4873954695794873,228.0,1533552.0,332212.0,1782777211.407822,1782777210.445411,1782777211.365344,1782777211.367726,1782777211.365303
14,32,1782777213.5360346,0.5898201286,0.5899595721435897,224.0,1621060.0,415277.0,1782777213.522698,1782777212.557728,1782777213.460308,1782777213.462646,1782777213.460261
15,33,1782777214.622986,0.641287826,0.6412416234256411,259.0,1662345.0,455897.0,1782777214.54428,1782777213.591366,1782777214.543607,1782777214.545987,1782777214.543251
16,34,1782777215.6383262,0.6925708282,0.6925236747076924,318.0,1691530.0,484496.0,1782777215.634432,1782777214.681382,1782777215.594964,1782777215.595995,1782777215.594926
17,35,1782777216.6699865,0.7438322937999999,0.7438057259897437,283.0,1711297.0,508795.0,1782777216.648608,1782777215.695624,1782777216.656282,1782777216.658589,1782777216.656224
18,36,1782777217.7111957,0.7951251006,0.7950877772717948,322.0,1723379.0,522955.0,1782777217.687081,1782777216.731214,1782777217.683212,1782777217.683862,1782777217.683157
19,37,1782777218.8397384,0.8464360082,0.8463698285538461,332.0,1733672.0,531358.0,1782777218.748793,1782777217.786222,1782777218.71707,1782777218.719475,1782777218.716758
20,38,1782777219.8532867,0.8976540654,0.8976518798358974,300.0,1743281.0,537037.0,1782777219.845078,1782777218.893921,1782777219.788537,1782777219.789778,1782777219.788459
21,39,1782777220.8667548,0.9490046104000001,0.9489339311179488,300.0,1743281.0,537037.0,1782777220.862719,1782777219.904633,1782777219.788537,1782777219.789778,1782777219.788459
22,40,1782777221.8806987,1.0002240922,1.0002159824,315.0,1747655.0,540533.0,1782777221.876198,1782777220.91893,1782777220.870778,1782777220.872811,1782777220.87073
23,3,1782777183.3128817,-0.8974913499999999,-0.8972199150358975,14.0,1217591.0,14784.0,1782777183.309225,1782777182.349932,1782777183.221602,1782777183.222174,1782777183.221554
24,5,1782777185.3849342,-0.7949948996,-0.7946558124717948,33.0,1217536.0,15814.0,1782777185.379159,1782777184.417183,1782777185.365563,1782777185.367144,1782777185.36559
25,7,1782777187.5595968,-0.6923900958,-0.6920917099076922,16.0,1225011.0,17521.0,1782777187.554735,1782777186.595642,1782777187.439993,1782777187.44265,1782777187.44009
26,9,1782777189.6545265,-0.5897215201999999,-0.5895276073435898,16.0,1220158.0,19785.0,1782777189.634459,1782777188.672682,1782777189.624032,1782777189.624942,1782777189.623967
27,11,1782777191.7366374,-0.4871183086,-0.4869635047794871,30.0,1226393.0,23032.0,1782777191.727644,1782777190.757637,1782777191.699095,1782777191.701248,1782777191.69877
28,13,1782777193.819911,-0.384519287,-0.38439940221538443,23.0,1235555.0,27234.0,1782777193.812937,1782777192.855436,1782777193.775385,1782777193.776336,1782777193.775332
29,15,1782777195.9308066,-0.2819678638,-0.281835299651282,31.0,1237134.0,34571.0,1782777195.926236,1782777194.965005,1782777195.884693,1782777195.885617,1782777195.884707
30,17,1782777197.9892054,-0.179373116,-0.17927119708717937,32.0,1245003.0,46183.0,1782777197.982404,1782777197.022054,1782777197.974906,1782777197.977107,1782777197.97441
31,19,1782777200.0206265,-0.07683920699999996,-0.07670709452307695,33.0,1252562.0,53669.0,1782777200.01389,1782777199.060761,1782777199.006542,1782777199.008586,1782777199.00616
32,21,1782777202.0658937,0.0255487224,0.025857008041025642,66.0,1289885.0,86625.0,1782777202.061183,1782777201.0998,1782777202.055282,1782777202.056401,1782777202.055202
33,23,1782777204.0931437,0.12829439400000003,0.12842111060512829,75.0,1305330.0,120135.0,1782777204.084701,1782777203.130964,1782777204.089383,1782777203.085689,1782777204.089107
34,25,1782777206.1530986,0.2308562922,0.23098521316923093,108.0,1369166.0,163794.0,1782777206.132986,1782777205.174994,1782777206.131015,1782777206.13354,1782777206.130476
35,27,1782777208.2481763,0.33347500680000003,0.33354931573333335,108.0,1427748.0,221935.0,1782777208.199087,1782777207.216223,1782777208.1843,1782777208.186386,1782777208.183444
36,1,1782777180.392723,-1.0002369378,-0.9997840175999999,65.0,1276030.0,96832.0,1782777180.137145,1782777176.724374,1782777167.116482,1782777167.117432,1782777167.116315
37,4,1782777184.3538954,-0.8462485717999999,-0.8459378637538462,20.0,1218086.0,15304.0,1782777184.342288,1782777183.372761,1782777184.332063,1782777184.332906,1782777184.331956
38,31,1782777212.4459052,0.538581708,0.5386775208615384,206.0,1572524.0,376252.0,1782777212.440293,1782777211.483864,1782777212.42848,1782777212.430974,1782777212.428357
39,29,1782777210.3966026,0.4360525756,0.436113418297436,189.0,1498637.0,292942.0,1782777210.320357,1782777209.362065,1782777210.308197,1782777210.310794,1782777210.308297
